Data,Ostatnio,Otwarcie,Max.,Min.,Wol.,Zmiana%
26.03.2019,89.19,$89.65 ,90.29,88.67,97.32M,0.54%
27.03.2019,88.28,$89.21 ,89.38,87.28,86.50M,-1.02%
28.03.2019,88.67,$88.50 ,88.9,87.67,60.86M,0.44%
29.03.2019,89.04,$89.33 ,89.64,88.83,66.42M,0.42%
01.04.2019,90.71,$90.01 ,90.78,89.94,84.78M,1.88%
02.04.2019,90.7,$90.55 ,91,90.26,68.96M,-0.01%
03.04.2019,91.03,$91.34 ,91.5,90.48,79.61M,0.36%
04.04.2019,90.94,$91.03 ,91.44,90.21,72.48M,-0.10%
05.04.2019,91.86,$91.45 ,91.93,91.26,72.81M,1.01%
08.04.2019,92.49,$91.66 ,92.51,91.26,75.06M,0.69%
09.04.2019,91.79,$92.27 ,92.65,91.59,74.29M,-0.76%
10.04.2019,92.37,$92.05 ,92.4,91.44,59.28M,0.63%
11.04.2019,92.2,$92.44 ,92.5,92.02,53.10M,-0.18%
12.04.2019,92.15,$92.42 ,92.58,92.06,62.29M,-0.05%
15.04.2019,92.24,$92.10 ,92.34,90.94,74.49M,0.10%
16.04.2019,93.15,$92.57 ,93.49,92.4,60.89M,0.99%
17.04.2019,93.24,$93.65 ,93.82,93.02,57.87M,0.10%
18.04.2019,93.08,$93.44 ,93.54,92.97,55.00M,-0.17%
22.04.2019,94.37,$92.77 ,94.42,92.28,67.48M,1.39%
23.04.2019,96.19,$94.56 ,96.46,94.48,92.81M,1.93%
24.04.2019,95.09,$96.25 ,96.48,94.91,73.52M,-1.14%
25.04.2019,95.11,$95.85 ,96.12,95.02,121.98M,0.02%
26.04.2019,97.53,$96.45 ,97.55,94.9,168.65M,2.54%
29.04.2019,96.92,$97.45 ,97.82,96.7,80.43M,-0.63%
30.04.2019,96.33,$96.50 ,96.79,95.35,70.12M,-0.61%
01.05.2019,95.58,$96.65 ,97.18,95.53,62.34M,-0.78%
02.05.2019,95.04,$95.67 ,96.08,94.09,79.26M,-0.56%
03.05.2019,98.12,$97.45 ,98.22,96.8,127.63M,3.24%
06.05.2019,97.53,$95.90 ,97.95,95.53,108.36M,-0.60%
07.05.2019,96.05,$97.00 ,97.46,95.17,118.04M,-1.52%
08.05.2019,95.89,$95.94 ,96.77,95.5,81.57M,-0.17%
09.05.2019,94.99,$95.00 ,95.47,93.8,106.17M,-0.94%
10.05.2019,94.5,$94.90 ,95.19,92.8,114.36M,-0.52%
13.05.2019,91.13,$91.83 ,92.33,90.9,115.67M,-3.57%
14.05.2019,92.01,$91.97 ,92.62,90.79,92.58M,0.97%
15.05.2019,93.56,$91.40 ,93.72,91.15,93.85M,1.68%
16.05.2019,95.38,$94.30 ,95.88,94.11,94.16M,1.95%
17.05.2019,93.45,$94.65 ,95.53,93.37,94.73M,-2.02%
20.05.2019,92.95,$92.63 ,93.39,91.78,75.96M,-0.54%
21.05.2019,92.88,$93.74 ,93.95,92.3,80.10M,-0.08%
22.05.2019,92.98,$92.59 ,93.57,92.55,58.73M,0.11%
23.05.2019,90.77,$91.83 ,92.2,90.21,88.49M,-2.38%
24.05.2019,91.16,$91.79 ,92.09,90.89,67.39M,0.43%
28.05.2019,91.82,$91.64 ,92.46,91.37,64.00M,0.72%
29.05.2019,90.96,$91.16 ,91.5,90.38,85.58M,-0.94%
30.05.2019,90.82,$91.27 ,91.47,90.39,62.94M,-0.15%
31.05.2019,88.75,$89.50 ,89.78,88.64,92.38M,-2.28%
03.06.2019,84.63,$88.00 ,88.31,83.6,181.97M,-4.64%
04.06.2019,86.48,$84.96 ,86.54,84.04,113.58M,2.19%
05.06.2019,86.92,$87.48 ,87.6,85.76,84.80M,0.51%
06.06.2019,87.72,$86.89 ,88,86.31,73.79M,0.92%
07.06.2019,90.2,$88.19 ,90.31,87.97,96.16M,2.83%
10.06.2019,93.03,$91.10 ,94.24,90.9,107.42M,3.14%
11.06.2019,93.19,$94.16 ,94.69,92.9,80.85M,0.17%
12.06.2019,92.77,$92.70 ,93.25,92.22,53.57M,-0.45%
13.06.2019,93.52,$93.34 ,94.15,93.11,55.92M,0.81%
14.06.2019,93.48,$93.20 ,93.8,92.95,57.02M,-0.04%
17.06.2019,94.3,$93.83 ,94.78,93.77,52.69M,0.88%
18.06.2019,95.07,$95.07 ,96.08,94.99,77.91M,0.82%
19.06.2019,95.44,$95.39 ,95.98,94.62,57.91M,0.39%
20.06.2019,95.91,$96.67 ,96.76,95.29,64.34M,0.49%
21.06.2019,95.56,$95.81 ,96.3,95.38,78.67M,-0.36%
24.06.2019,95.69,$95.63 ,95.84,95.06,45.66M,0.14%
25.06.2019,93.91,$95.59 ,95.82,93.62,60.25M,-1.86%
26.06.2019,94.89,$94.62 ,95.19,94.37,48.84M,1.04%
27.06.2019,95.21,$95.10 ,95.56,94.9,42.83M,0.34%
28.06.2019,94.68,$95.45 ,95.65,94.2,60.75M,-0.56%
01.07.2019,96.11,$96.15 ,96.49,95.73,64.07M,1.51%
02.07.2019,96.72,$95.97 ,96.74,95.33,53.03M,0.63%
03.07.2019,96.95,$96.79 ,97.08,96.53,33.81M,0.24%
05.07.2019,97.15,$96.43 ,97.3,96.27,52.57M,0.21%
08.07.2019,97.62,$96.71 ,97.8,96.41,57.67M,0.48%
09.07.2019,99.42,$97.39 ,99.5,97.17,86.91M,1.84%
10.07.2019,100.87,$99.83 ,101.25,99.77,98.64M,1.46%
11.07.2019,100.05,$101.28 ,101.79,99.77,86.36M,-0.81%
12.07.2019,100.55,$100.41 ,100.85,100.19,50.19M,0.50%
15.07.2019,101.05,$101.07 ,101.14,100.08,59.63M,0.50%
16.07.2019,100.5,$100.53 ,101.32,100.06,52.36M,-0.54%
17.07.2019,99.6,$100.35 ,100.6,99.6,51.18M,-0.90%
18.07.2019,98.89,$99.00 ,99.38,97.58,70.09M,-0.71%
19.07.2019,98.23,$99.56 ,99.8,98.11,63.71M,-0.67%
22.07.2019,99.28,$98.56 ,99.45,97.91,58.16M,1.07%
23.07.2019,99.72,$99.80 ,99.89,98.66,54.07M,0.44%
24.07.2019,100.04,$98.47 ,100.06,98.29,52.63M,0.32%
25.07.2019,98.69,$100.05 ,100.06,98.64,82.73M,-1.35%
26.07.2019,97.15,$97.10 ,97.54,96.23,98.54M,-1.56%
29.07.2019,95.62,$96.50 ,96.61,94.53,89.86M,-1.57%
30.07.2019,94.93,$94.56 ,95.49,94.17,58.22M,-0.72%
31.07.2019,93.34,$94.91 ,94.98,92.47,89.41M,-1.67%
01.08.2019,92.77,$93.59 ,94.9,92.2,94.27M,-0.61%
02.08.2019,91.16,$92.25 ,92.32,90.4,99.12M,-1.74%
05.08.2019,88.26,$88.51 ,89.43,87.44,121.16M,-3.18%
06.08.2019,89.39,$89.61 ,89.69,87.67,101.41M,1.28%
07.08.2019,89.67,$88.70 ,89.95,87.85,90.54M,0.31%
08.08.2019,91.64,$90.30 ,91.71,89.91,74.02M,2.20%
09.08.2019,90.38,$91.45 ,91.55,90.11,57.60M,-1.37%
12.08.2019,89.25,$89.80 ,90.05,88.85,58.11M,-1.25%
13.08.2019,91.22,$89.15 ,91.59,89,81.50M,2.21%
14.08.2019,88.15,$89.65 ,89.78,87.86,97.87M,-3.37%
15.08.2019,88.81,$89.10 ,89.4,88.1,76.20M,0.75%
16.08.2019,89.63,$89.64 ,90.15,89.23,61.08M,0.92%
19.08.2019,90.81,$90.90 ,91.3,90.63,56.41M,1.32%
20.08.2019,90.07,$90.72 ,90.84,89.99,38.66M,-0.81%
21.08.2019,91.18,$90.97 ,91.48,90.75,40.78M,1.23%
22.08.2019,90.28,$91.40 ,91.47,90,53.17M,-0.99%
23.08.2019,87.48,$89.65 ,90.24,87.26,105.56M,-3.10%
26.08.2019,88.44,$88.35 ,88.5,87.18,61.71M,1.10%
27.08.2019,88.09,$88.79 ,88.97,87.33,60.54M,-0.40%
28.08.2019,88.21,$87.75 ,88.39,87.2,48.44M,0.14%
29.08.2019,89.32,$89.15 ,89.93,88.86,60.36M,1.26%
30.08.2019,88.81,$89.87 ,89.99,88.23,61.28M,-0.57%
03.09.2019,89.49,$88.50 ,90.04,88.4,70.94M,0.77%
04.09.2019,90.03,$90.25 ,90.38,89.81,46.52M,0.60%
05.09.2019,92.04,$91.10 ,92.1,90.78,66.50M,2.23%
06.09.2019,91.68,$91.91 ,92.03,91.32,49.94M,-0.39%
09.09.2019,91.57,$92.05 ,92.5,91.23,59.99M,-0.12%
10.09.2019,91.03,$91.14 ,91.29,90.27,52.28M,-0.59%
11.09.2019,91.15,$90.61 ,91.67,90.45,48.66M,0.13%
12.09.2019,92.18,$91.88 ,92.68,91.71,56.47M,1.13%
13.09.2019,91.97,$92.10 ,92.31,91.76,39.43M,-0.23%
16.09.2019,90.39,$91.20 ,91.28,90.01,73.51M,-1.72%
17.09.2019,91.13,$90.35 ,91.2,90.2,40.66M,0.82%
18.09.2019,90.87,$90.85 ,91.1,89.78,50.72M,-0.29%
19.09.2019,91.08,$91.05 ,91.63,90.89,41.57M,0.23%
20.09.2019,89.71,$91.09 ,91.53,89.05,111.12M,-1.50%
23.09.2019,89.27,$88.85 ,89.64,88.37,62.78M,-0.49%
24.09.2019,87.08,$89.53 ,89.79,86.78,92.76M,-2.45%
25.09.2019,88.42,$87.37 ,88.65,86.15,70.62M,1.54%
26.09.2019,86.99,$88.14 ,88.17,86.58,71.44M,-1.62%
27.09.2019,86.27,$87.40 ,87.46,85.69,78.96M,-0.83%
30.09.2019,86.8,$86.35 ,86.87,85.46,55.22M,0.61%
01.10.2019,86.78,$87.30 ,87.78,86.42,63.41M,-0.02%
02.10.2019,85.66,$86.39 ,86.44,85.25,66.77M,-1.29%
03.10.2019,86.22,$85.65 ,86.25,84.25,72.49M,0.65%
04.10.2019,86.98,$86.30 ,87.03,85.96,49.79M,0.88%
07.10.2019,86.63,$86.58 ,87.39,86.19,43.75M,-0.40%
08.10.2019,85.28,$86.12 ,86.35,85.25,52.54M,-1.56%
09.10.2019,86.1,$85.98 ,86.5,85.72,41.79M,0.96%
10.10.2019,86.01,$86.26 ,86.91,85.69,54.43M,-0.10%
11.10.2019,86.6,$87.15 ,87.27,86.49,65.59M,0.69%
14.10.2019,86.82,$86.45 ,87.09,86.1,38.58M,0.25%
15.10.2019,88.37,$87.11 ,88.82,87.03,62.58M,1.79%
16.10.2019,88.87,$88.67 ,89.31,88.53,56.08M,0.57%
17.10.2019,89.37,$89.82 ,89.94,89.1,54.28M,0.56%
18.10.2019,87.88,$89.39 ,89.7,87.46,67.32M,-1.67%
21.10.2019,89.28,$88.48 ,89.29,88.25,44.50M,1.59%
22.10.2019,88.29,$89.41 ,89.49,88.1,44.69M,-1.11%
23.10.2019,88.11,$88.06 ,88.5,87.1,43.81M,-0.20%
24.10.2019,89.04,$88.55 ,89.42,88.01,104.09M,1.06%
25.10.2019,88.07,$84.88 ,88.21,84.75,192.53M,-1.09%
28.10.2019,88.85,$87.40 ,88.94,87.12,74.18M,0.89%
29.10.2019,88.14,$88.74 ,88.85,87.79,45.54M,-0.80%
30.10.2019,89,$88.01 ,89.12,87.96,48.99M,0.98%
31.10.2019,88.83,$88.80 ,89.6,88.57,55.62M,-0.19%
01.11.2019,89.57,$89.40 ,89.87,89.26,55.81M,0.83%
04.11.2019,90.23,$90.05 ,90.75,90.05,55.44M,0.74%
05.11.2019,90.09,$90.46 ,90.51,89.7,37.71M,-0.16%
06.11.2019,89.79,$90.05 ,90.12,89.43,40.60M,-0.33%
07.11.2019,89.41,$90.19 ,90.3,89.17,53.02M,-0.42%
08.11.2019,89.29,$89.39 ,89.49,88.7,42.52M,-0.13%
11.11.2019,88.58,$88.90 ,89,88.36,38.96M,-0.80%
12.11.2019,88.9,$88.73 ,89.31,88.6,40.78M,0.36%
13.11.2019,87.66,$88.67 ,88.75,87.37,58.54M,-1.39%
14.11.2019,87.73,$87.57 ,88.33,87.48,45.39M,0.08%
15.11.2019,86.97,$88.00 ,88.08,86.64,78.62M,-0.87%
18.11.2019,87.63,$86.92 ,87.69,86.14,56.84M,0.76%
19.11.2019,87.64,$87.85 ,88.03,87.15,45.49M,0.01%
20.11.2019,87.28,$87.46 ,88.13,86.71,55.88M,-0.41%
21.11.2019,86.74,$87.15 ,87.34,86.52,53.26M,-0.62%
22.11.2019,87.29,$86.95 ,87.32,86.55,49.58M,0.63%
25.11.2019,88.69,$87.66 ,88.87,87.66,69.79M,1.60%
26.11.2019,89.85,$89.00 ,89.85,88.92,63.81M,1.31%
27.11.2019,90.93,$90.05 ,91.22,89.87,60.72M,1.20%
29.11.2019,90.04,$90.89 ,91.23,90.04,38.47M,-0.98%
02.12.2019,89.08,$90.22 ,90.28,88.13,78.64M,-1.07%
03.12.2019,88.5,$88.00 ,88.64,87.36,70.59M,-0.65%
04.12.2019,88.03,$88.70 ,89.45,88.01,53.61M,-0.53%
05.12.2019,87.02,$88.17 ,88.17,87,56.56M,-1.15%
06.12.2019,87.58,$87.56 ,87.72,87.01,62.40M,0.64%
09.12.2019,87.48,$87.53 ,88.34,87.28,50.05M,-0.11%
10.12.2019,86.96,$87.37 ,87.53,86.75,50.31M,-0.59%
11.12.2019,87.44,$87.08 ,87.5,86.79,42.03M,0.55%
12.12.2019,88.02,$87.50 ,88.2,87.27,62.08M,0.66%
13.12.2019,88.05,$88.25 ,88.45,87.75,54.96M,0.03%
16.12.2019,88.46,$88.35 ,88.47,87.85,62.99M,0.47%
17.12.2019,89.53,$88.90 ,89.6,88.87,72.93M,1.21%
18.12.2019,89.2,$89.75 ,89.91,89.12,67.08M,-0.37%
19.12.2019,89.61,$89.03 ,89.65,88.7,54.77M,0.46%
20.12.2019,89.33,$89.98 ,90.15,89.12,103.05M,-0.31%
23.12.2019,89.65,$89.41 ,89.65,89.23,42.75M,0.36%
24.12.2019,89.46,$89.69 ,89.78,89.38,17.63M,-0.21%
26.12.2019,93.44,$90.05 ,93.52,89.97,120.49M,4.45%
27.12.2019,93.49,$94.15 ,95.07,93.3,123.78M,0.05%
30.12.2019,92.34,$93.70 ,94.2,92.03,73.55M,-1.23%
31.12.2019,92.39,$92.10 ,92.66,91.61,50.21M,0.05%
02.01.2020,94.9,$93.75 ,94.9,93.21,80.72M,2.72%
03.01.2020,93.75,$93.22 ,94.31,93.22,75.33M,-1.21%
06.01.2020,95.14,$93.00 ,95.18,93,81.31M,1.48%
07.01.2020,95.34,$95.22 ,95.69,94.6,82.68M,0.21%
08.01.2020,94.6,$94.90 ,95.55,94.32,70.24M,-0.78%
09.01.2020,95.05,$95.49 ,95.89,94.79,63.50M,0.48%
10.01.2020,94.16,$95.27 ,95.35,94,57.14M,-0.94%
13.01.2020,94.56,$94.57 ,94.9,94.04,55.72M,0.42%
14.01.2020,93.47,$94.29 ,94.36,92.93,68.93M,-1.15%
15.01.2020,93.1,$93.61 ,93.94,92.75,57.93M,-0.40%
16.01.2020,93.9,$94.15 ,94.28,93.3,53.19M,0.86%
17.01.2020,93.24,$94.29 ,94.33,92.86,79.95M,-0.70%
21.01.2020,94.6,$93.25 ,94.71,93,74.16M,1.46%
22.01.2020,94.37,$94.80 ,95.12,94.17,64.33M,-0.24%
23.01.2020,94.23,$94.26 ,94.5,93.64,49.69M,-0.15%
24.01.2020,93.08,$94.57 ,94.75,92.37,75.32M,-1.22%
27.01.2020,91.42,$91.00 ,92.05,90.77,70.57M,-1.78%
28.01.2020,92.66,$92.03 ,92.91,91.5,56.16M,1.36%
29.01.2020,92.9,$93.20 ,93.74,92.75,42.03M,0.26%
30.01.2020,93.53,$92.90 ,93.64,92.53,126.55M,0.68%
31.01.2020,100.44,$102.57 ,102.79,100.11,311.35M,7.39%
03.02.2020,100.21,$100.53 ,102.42,100.01,117.98M,-0.23%
04.02.2020,102.48,$101.49 ,102.99,100.77,105.79M,2.27%
05.02.2020,101.99,$103.55 ,103.55,101.6,87.52M,-0.48%
06.02.2020,102.51,$102.05 ,102.81,101.24,63.66M,0.51%
07.02.2020,103.96,$102.10 ,104.93,101.91,101.91M,1.41%
10.02.2020,106.7,$104.25 ,106.78,104.25,101.12M,2.64%
11.02.2020,107.54,$107.55 ,109.3,106.8,114.92M,0.79%
12.02.2020,108,$108.16 ,109.01,107.76,66.69M,0.43%
13.02.2020,107.49,$107.25 ,108.51,107.1,60.64M,-0.47%
14.02.2020,106.74,$107.78 ,107.95,106.29,52.12M,-0.70%
18.02.2020,107.78,$106.25 ,108.3,106.21,59.02M,0.97%
19.02.2020,108.51,$108.39 ,109.25,108.06,51.22M,0.68%
20.02.2020,107.66,$108.65 ,108.84,106.37,62.63M,-0.78%
21.02.2020,104.8,$107.11 ,107.23,104.4,93.01M,-2.66%
24.02.2020,100.46,$100.16 ,101.96,99.4,130.94M,-4.14%
25.02.2020,98.64,$101.32 ,101.73,97.92,124.38M,-1.81%
26.02.2020,98.98,$98.51 ,100.73,98.02,104.81M,0.34%
27.02.2020,94.22,$96.72 ,98.75,94.14,162.88M,-4.81%
28.02.2020,94.19,$90.73 ,94.49,90.56,189.88M,-0.03%
02.03.2020,97.7,$95.32 ,97.73,93.5,135.23M,3.73%
03.03.2020,95.45,$98.77 ,99.82,94.4,150.69M,-2.30%
04.03.2020,98.79,$97.33 ,98.9,96.1,95.46M,3.50%
05.03.2020,96.2,$96.65 ,98.04,95.5,94.96M,-2.62%
06.03.2020,95.05,$93.75 ,95.54,93.47,105.47M,-1.20%
09.03.2020,90.03,$88.69 ,93.14,88.06,156.26M,-5.28%
10.03.2020,94.59,$93.54 ,94.71,90.91,142.67M,5.06%
11.03.2020,91.04,$92.89 ,93.57,90.08,112.94M,-3.75%
12.03.2020,83.83,$86.10 ,88.25,83.75,226.92M,-7.92%
13.03.2020,89.25,$87.75 ,89.32,84.03,176.19M,6.47%
16.03.2020,84.46,$82.08 ,87.97,81.3,178.35M,-5.37%
17.03.2020,90.39,$88.77 ,92.89,84.46,218.34M,7.02%
18.03.2020,91.5,$87.50 ,92.08,87.25,192.90M,1.23%
19.03.2020,94.05,$93.00 ,97.25,91.63,208.00M,2.79%
20.03.2020,92.3,$96.32 ,97.85,91.04,196.36M,-1.86%
23.03.2020,95.14,$91.39 ,95.97,90.6,156.17M,3.08%
24.03.2020,97,$97.57 ,97.75,95.02,142.94M,1.96%
25.03.2020,94.29,$96.03 ,97.51,94.29,129.58M,-2.79%
26.03.2020,97.77,$95.10 ,97.82,94.46,124.70M,3.69%
27.03.2020,95,$96.54 ,96.99,95,107.76M,-2.83%
30.03.2020,98.2,$96.14 ,98.68,95.62,122.52M,3.37%
31.03.2020,97.49,$98.22 ,99.65,97.2,102.47M,-0.72%
01.04.2020,95.39,$96.65 ,97.25,94.65,82.44M,-2.15%
02.04.2020,95.94,$95.08 ,96.38,94.5,86.72M,0.58%
03.04.2020,95.33,$95.56 ,96.32,94.46,72.20M,-0.64%
06.04.2020,99.88,$96.80 ,99.93,96.5,115.46M,4.77%
07.04.2020,100.58,$100.86 ,101.79,99.88,102.28M,0.70%
08.04.2020,102.15,$101.05 ,102.2,100.56,79.55M,1.56%
09.04.2020,102.14,$102.22 ,102.65,100.88,93.11M,-0.01%
13.04.2020,108.44,$102.00 ,109,101.9,134.33M,6.17%
14.04.2020,114.17,$110.02 ,114.6,109.31,161.74M,5.28%
15.04.2020,115.38,$112.88 ,116.67,112.25,137.33M,1.06%
16.04.2020,120.41,$117.30 ,123.05,116.75,240.76M,4.36%
17.04.2020,118.75,$118.62 ,120,115.8,158.60M,-1.38%
20.04.2020,119.68,$119.50 ,122.25,119.3,115.41M,0.78%
21.04.2020,116.41,$120.83 ,121.42,113.98,149.53M,-2.73%
22.04.2020,118.17,$118.45 ,119.7,117.55,84.37M,1.51%
23.04.2020,119.97,$120.00 ,121.21,119.1,101.33M,1.52%
24.04.2020,120.51,$120.85 ,121.02,119.1,76.64M,0.45%
27.04.2020,118.8,$122.16 ,122.24,118.15,112.91M,-1.42%
28.04.2020,115.7,$118.61 ,118.67,115.3,105.39M,-2.61%
29.04.2020,118.64,$116.50 ,119.59,115.5,91.83M,2.54%
30.04.2020,123.7,$120.99 ,123.75,119.8,190.69M,4.27%
01.05.2020,114.3,$116.84 ,118.12,112.91,195.45M,-7.60%
04.05.2020,115.8,$112.82 ,116.35,112.82,97.32M,1.31%
05.05.2020,115.89,$117.00 ,117.55,115.36,64.85M,0.08%
06.05.2020,117.56,$116.47 ,117.87,116,62.36M,1.44%
07.05.2020,118.38,$118.74 ,118.8,117.16,67.93M,0.70%
08.05.2020,118.98,$118.61 ,119.36,117.85,64.22M,0.51%
11.05.2020,120.45,$118.73 ,120.98,118.61,65.18M,1.24%
12.05.2020,117.85,$120.59 ,120.95,117.75,61.50M,-2.16%
13.05.2020,118.4,$118.34 ,120.39,116.89,95.66M,0.47%
14.05.2020,119.44,$118.05 ,119.57,117.66,72.96M,0.88%
15.05.2020,120.49,$118.43 ,120.55,117.82,84.70M,0.88%
18.05.2020,121.31,$120.22 ,121.65,119.2,87.33M,0.68%
19.05.2020,122.47,$121.49 ,124.25,121.45,86.41M,0.96%
20.05.2020,124.9,$123.89 ,125,123.36,79.96M,1.98%
21.05.2020,122.34,$125.00 ,126.27,122.13,102.29M,-2.05%
22.05.2020,121.84,$122.75 ,123.49,121.51,57.34M,-0.41%
26.05.2020,121.09,$122.90 ,123.1,120.7,71.36M,-0.62%
27.05.2020,120.52,$120.25 ,120.68,116.5,101.14M,-0.47%
28.05.2020,120.06,$119.22 ,121.85,118.91,63.86M,-0.38%
29.05.2020,122.12,$120.80 ,122.12,119.91,70.59M,1.72%
01.06.2020,123.55,$122.40 ,123.85,122.21,58.76M,1.17%
02.06.2020,123.62,$123.35 ,123.68,122.27,50.60M,0.06%
03.06.2020,123.92,$123.40 ,124.4,123.06,53.42M,0.24%
04.06.2020,123.03,$123.87 ,125.38,122.5,58.97M,-0.72%
05.06.2020,124.15,$122.23 ,124.43,121.86,66.13M,0.91%
08.06.2020,126.2,$125.01 ,126.5,124.37,79.41M,1.65%
09.06.2020,130.04,$126.47 ,131.32,126.25,103.52M,3.04%
10.06.2020,132.37,$132.25 ,136.12,131.31,98.92M,1.79%
11.06.2020,127.9,$130.18 ,133.57,126.81,116.00M,-3.38%
12.06.2020,127.25,$130.06 ,131.07,125.17,108.72M,-0.51%
15.06.2020,128.63,$126.33 ,129.2,125.4,77.47M,1.08%
16.06.2020,130.76,$131.00 ,131,128.8,71.91M,1.66%
17.06.2020,132.05,$132.38 ,132.75,131.59,59.19M,0.99%
18.06.2020,132.7,$132.35 ,132.98,131.81,49.76M,0.49%
19.06.2020,133.75,$133.90 ,134.87,132.95,115.54M,0.79%
22.06.2020,135.69,$134.22 ,135.75,133.45,64.18M,1.45%
23.06.2020,138.22,$136.30 ,139.16,135.9,84.63M,1.86%
24.06.2020,136.72,$139.00 ,139.8,136.05,90.53M,-1.09%
25.06.2020,137.73,$136.98 ,137.81,135.61,59.37M,0.74%
26.06.2020,134.64,$138.75 ,139.13,134.4,130.02M,-2.24%
29.06.2020,134.02,$134.50 ,134.84,131.5,84.47M,-0.46%
30.06.2020,137.94,$134.25 ,138.48,133.75,75.39M,2.92%
01.07.2020,143.94,$137.90 ,144.75,137.7,127.27M,4.35%
02.07.2020,144.51,$145.60 ,147.78,143.56,131.87M,0.40%
06.07.2020,152.85,$146.75 ,152.99,146.5,137.61M,5.77%
07.07.2020,150.01,$152.93 ,153.48,149.5,105.15M,-1.86%
08.07.2020,154.06,$151.13 ,154.2,150.62,100.75M,2.70%
09.07.2020,159.13,$155.80 ,159.69,153.7,127.77M,3.29%
10.07.2020,160,$159.59 ,160.75,156.78,109.72M,0.55%
13.07.2020,155.2,$162.55 ,167.21,153.42,154.41M,-3.00%
14.07.2020,154.2,$154.45 ,156.37,147.5,144.64M,-0.64%
15.07.2020,150.44,$154.01 ,154.92,148.66,115.78M,-2.44%
16.07.2020,150,$148.55 ,151.6,145.91,127.88M,-0.29%
17.07.2020,148.1,$150.45 ,151.2,147.42,95.23M,-1.27%
20.07.2020,159.84,$150.01 ,160.07,149.7,151.96M,7.93%
21.07.2020,156.91,$161.62 ,162.03,155.29,122.70M,-1.83%
22.07.2020,155,$156.25 ,157.5,153.26,82.08M,-1.22%
23.07.2020,149.33,$154.91 ,154.91,148.5,113.14M,-3.66%
24.07.2020,150.45,$146.50 ,151.58,144.4,112.65M,0.75%
27.07.2020,152.76,$153.10 ,154.9,150.79,83.41M,1.54%
28.07.2020,150.02,$152.71 ,153.85,149.79,62.53M,-1.79%
29.07.2020,151.68,$151.55 ,151.96,149.84,59.48M,1.11%
30.07.2020,152.59,$150.70 ,154.6,150.25,122.57M,0.60%
31.07.2020,158.23,$162.20 ,162.34,157.55,161.67M,3.70%
03.08.2020,155.59,$159.03 ,159.2,155.2,101.49M,-1.67%
04.08.2020,156.94,$155.06 ,158.36,155.06,93.89M,0.87%
05.08.2020,160.25,$157.19 ,160.68,156.37,78.60M,2.11%
06.08.2020,161.25,$159.72 ,162.37,158.27,78.81M,0.62%
07.08.2020,158.37,$161.20 ,162.04,157.03,78.72M,-1.79%
10.08.2020,157.41,$158.52 ,158.63,155.08,63.35M,-0.61%
11.08.2020,154.03,$155.66 ,157.96,153.65,74.36M,-2.15%
12.08.2020,158.11,$155.40 ,158.72,155.07,70.54M,2.65%
13.08.2020,158.05,$159.15 ,160.88,157.75,62.98M,-0.04%
14.08.2020,157.4,$158.91 ,158.91,156,55.03M,-0.41%
17.08.2020,159.12,$158.66 ,159.75,157.71,53.82M,1.09%
18.08.2020,165.62,$160.60 ,166,160.29,106.92M,4.08%
19.08.2020,163.02,$165.15 ,165.79,162.8,83.70M,-1.57%
20.08.2020,164.87,$162.60 ,165.63,161.9,66.65M,1.13%
21.08.2020,164.24,$164.75 ,165.72,163.77,71.52M,-0.38%
24.08.2020,165.37,$165.51 ,169.02,162.88,93.33M,0.69%
25.08.2020,167.32,$164.75 ,167.87,163.35,79.86M,1.18%
26.08.2020,172.09,$167.56 ,172.59,167.23,130.17M,2.85%
27.08.2020,170,$172.50 ,172.65,168.9,85.30M,-1.21%
28.08.2020,170.09,$171.15 ,171.67,169.32,57.94M,0.05%
31.08.2020,172.55,$170.45 ,174.75,170.25,83.72M,1.45%
01.09.2020,174.96,$174.48 ,175.69,173.35,69.53M,1.40%
02.09.2020,176.57,$177.35 ,177.61,174.33,78.63M,0.92%
03.09.2020,168.4,$174.25 ,174.42,165.15,163.22M,-4.63%
04.09.2020,164.73,$165.90 ,169.07,155.56,175.64M,-2.18%
08.09.2020,157.49,$157.20 ,162.54,156.5,121.88M,-4.40%
09.09.2020,163.43,$160.15 ,165.16,159.25,103.77M,3.77%
10.09.2020,158.76,$165.36 ,167.49,158.53,106.61M,-2.86%
11.09.2020,155.81,$160.43 ,160.87,154.2,101.88M,-1.86%
14.09.2020,155.15,$158.65 ,159.37,154.8,90.59M,-0.42%
15.09.2020,157.81,$156.81 ,158.75,155.45,80.43M,1.71%
16.09.2020,153.91,$159.00 ,159.36,153.71,90.62M,-2.47%
17.09.2020,150.44,$150.46 ,151.47,148.63,128.98M,-2.25%
18.09.2020,147.75,$151.59 ,151.89,145.28,177.85M,-1.79%
21.09.2020,148.02,$145.32 ,148.1,143.55,122.36M,0.18%
22.09.2020,156.45,$151.69 ,156.7,150.01,138.98M,5.70%
23.09.2020,149.99,$156.02 ,156.35,149.62,113.05M,-4.13%
24.09.2020,150.99,$148.89 ,153.47,148.25,110.59M,0.67%
25.09.2020,154.76,$152.74 ,155.08,149.95,92.30M,2.50%
28.09.2020,158.7,$157.44 ,158.75,155.86,84.48M,2.55%
29.09.2020,157.24,$158.77 ,159.41,156.63,70.07M,-0.92%
30.09.2020,157.44,$157.06 ,160.64,156.7,97.92M,0.13%
01.10.2020,161.06,$160.40 ,161.2,158.6,99.44M,2.30%
02.10.2020,156.25,$157.68 ,159.79,156.15,112.26M,-2.99%
05.10.2020,159.96,$157.29 ,160.13,157.04,75.51M,2.37%
06.10.2020,155,$158.25 ,159.1,154.5,101.74M,-3.10%
07.10.2020,159.78,$156.75 ,160,156.62,86.19M,3.08%
08.10.2020,159.53,$161.25 ,161.66,158.75,63.48M,-0.16%
09.10.2020,164.33,$160.50 ,164.45,159.89,98.16M,3.01%
12.10.2020,172.15,$167.50 ,174.81,166.98,167.28M,4.76%
13.10.2020,172.18,$173.40 ,174.62,171.21,114.89M,0.02%
14.10.2020,168.19,$172.35 ,173.24,167,116.58M,-2.32%
15.10.2020,166.93,$164.60 ,167.79,164,104.47M,-0.75%
16.10.2020,163.64,$168.16 ,169.98,158,129.49M,-1.97%
19.10.2020,160.36,$164.98 ,166.45,159.64,104.47M,-2.00%
20.10.2020,160.85,$161.11 ,163.3,159.6,90.19M,0.31%
21.10.2020,159.25,$160.62 ,161.69,158,91.85M,-0.99%
22.10.2020,158.82,$159.49 ,159.94,156.1,84.24M,-0.27%
23.10.2020,160.22,$159.55 ,160.27,157,69.33M,0.88%
26.10.2020,160.35,$159.94 ,164.15,157.66,118.02M,0.08%
27.10.2020,164.32,$161.25 ,164.58,160.56,85.82M,2.48%
28.10.2020,158.14,$162.47 ,163.2,158.12,111.77M,-3.76%
29.10.2020,160.55,$160.06 ,162.86,158.2,131.93M,1.52%
30.10.2020,151.81,$157.89 ,158.35,150.95,167.92M,-5.44%
02.11.2020,150.22,$153.09 ,153.99,147.51,145.15M,-1.05%
03.11.2020,152.42,$150.93 ,153.75,149.05,97.96M,1.46%
04.11.2020,162.06,$158.00 ,162.24,156.99,136.78M,6.32%
05.11.2020,166.1,$166.00 ,168.34,164.44,115.79M,2.49%
06.11.2020,165.57,$165.23 ,166.1,161.6,92.95M,-0.32%
09.11.2020,157.19,$161.55 ,164.45,155.61,143.81M,-5.06%
10.11.2020,151.75,$154.75 ,155.7,150.97,131.82M,-3.46%
11.11.2020,156.87,$153.09 ,156.96,152.5,87.34M,3.37%
12.11.2020,155.51,$158.00 ,158.79,154.3,87.42M,-0.87%
13.11.2020,156.44,$156.10 ,157.09,154.27,75.25M,0.60%
16.11.2020,156.55,$154.66 ,157.13,153.63,76.17M,0.07%
17.11.2020,156.78,$159.18 ,159.46,156.76,68.89M,0.15%
18.11.2020,155.27,$156.70 ,157,155.25,58.34M,-0.96%
19.11.2020,155.85,$155.27 ,156.25,154.05,60.21M,0.37%
20.11.2020,154.97,$155.85 ,156.64,154.9,67.60M,-0.56%
23.11.2020,154.92,$155.83 ,156.99,153.27,94.18M,-0.03%
24.11.2020,155.9,$155.03 ,156.71,154.31,72.04M,0.63%
25.11.2020,159.25,$157.09 ,159.9,157.01,75.81M,2.15%
27.11.2020,159.77,$160.56 ,160.81,159.5,47.86M,0.33%
30.11.2020,158.4,$160.42 ,161.42,156.28,81.28M,-0.86%
01.12.2020,161,$159.43 ,162.45,157.86,90.89M,1.64%
02.12.2020,160.18,$161.08 ,161.6,158.66,62.59M,-0.51%
03.12.2020,159.34,$160.27 ,161.43,159.07,57.84M,-0.52%
04.12.2020,158.13,$159.91 ,159.91,157.94,58.27M,-0.76%
07.12.2020,157.9,$157.82 ,159.04,157.08,55.03M,-0.15%
08.12.2020,158.86,$157.94 ,159.21,156,65.73M,0.61%
09.12.2020,155.21,$158.39 ,158.72,154.4,82.02M,-2.30%
10.12.2020,155.07,$154.45 ,157.1,153.8,60.60M,-0.09%
11.12.2020,155.82,$154.83 ,155.93,153.64,61.29M,0.48%
14.12.2020,157.85,$157.15 ,159.52,156.3,83.12M,1.30%
15.12.2020,158.26,$159.05 ,159.42,156.52,66.47M,0.26%
16.12.2020,162.05,$158.80 ,162.35,158.18,88.55M,2.39%
17.12.2020,161.8,$162.50 ,163.18,161.05,69.49M,-0.15%
18.12.2020,160.08,$162.20 ,162.47,158.58,119.91M,-1.06%
21.12.2020,160.31,$160.00 ,161.35,158.3,76.74M,0.14%
22.12.2020,160.33,$160.14 ,161.1,159,47.64M,0.01%
23.12.2020,159.26,$160.25 ,160.51,159.21,41.88M,-0.67%
24.12.2020,158.63,$159.69 ,160.1,158.45,29.04M,-0.40%
28.12.2020,164.2,$159.70 ,165.2,158.63,113.74M,3.51%
29.12.2020,166.1,$165.50 ,167.53,164.06,97.46M,1.16%
30.12.2020,164.29,$167.05 ,167.1,164.12,64.19M,-1.09%
31.12.2020,162.85,$163.75 ,164.15,162.06,59.14M,-0.88%
04.01.2021,159.33,$163.50 ,163.6,157.2,88.23M,-2.16%
05.01.2021,160.93,$158.30 ,161.17,158.25,53.11M,1.00%
06.01.2021,156.92,$157.32 ,159.88,156.56,87.90M,-2.49%
07.01.2021,158.11,$157.85 ,160.43,157.75,70.29M,0.76%
08.01.2021,159.13,$159.00 ,159.53,157.11,70.75M,0.65%
11.01.2021,155.71,$157.40 ,157.82,155.5,73.38M,-2.15%
12.01.2021,156.04,$156.00 ,157.11,154.3,70.29M,0.21%
13.01.2021,158.29,$156.42 ,159.5,156.1,66.42M,1.44%
14.01.2021,156.37,$158.38 ,158.9,156.03,61.42M,-1.21%
15.01.2021,155.21,$156.15 ,157.13,154.76,84.88M,-0.74%
19.01.2021,156.04,$155.35 ,157.25,154.8,66.10M,0.53%
20.01.2021,163.17,$159.10 ,163.99,158.75,106.20M,4.57%
21.01.2021,165.35,$164.65 ,167.43,164.48,98.90M,1.34%
22.01.2021,164.61,$165.22 ,166.1,164.16,56.44M,-0.45%
25.01.2021,164.7,$166.43 ,168.19,162.16,75.00M,0.05%
26.01.2021,166.31,$164.82 ,166.9,164.14,59.10M,0.98%
27.01.2021,161.63,$167.07 ,167.33,160.35,93.20M,-2.81%
28.01.2021,161.88,$161.75 ,165.08,161.43,62.98M,0.15%
29.01.2021,160.31,$161.50 ,161.85,159.23,85.87M,-0.97%
01.02.2021,167.14,$162.12 ,167.51,161.75,83.20M,4.26%
02.02.2021,169,$169.00 ,171.39,168.06,141.97M,1.11%
03.02.2021,165.63,$171.25 ,171.7,165.43,141.78M,-1.99%
04.02.2021,166.55,$166.50 ,167.35,163.89,73.41M,0.56%
05.02.2021,167.61,$165.95 ,168.85,165.14,72.42M,0.64%
08.02.2021,166.15,$167.93 ,168.25,165.2,65.15M,-0.87%
09.02.2021,165.25,$165.62 ,166.9,164.89,44.07M,-0.54%
10.02.2021,164.33,$165.70 ,165.9,162.7,63.03M,-0.56%
11.02.2021,163.11,$164.60 ,164.6,162.4,46.03M,-0.74%
12.02.2021,163.89,$162.50 ,164.01,161.67,46.71M,0.48%
16.02.2021,163.45,$162.70 ,165.41,162.68,51.49M,-0.27%
17.02.2021,165.43,$163.18 ,166.05,162.97,66.04M,1.21%
18.02.2021,166.41,$164.12 ,166.9,163.7,60.67M,0.59%
19.02.2021,162.5,$166.41 ,166.68,162.29,86.10M,-2.35%
22.02.2021,159.04,$160.41 ,161.62,158.61,70.31M,-2.13%
23.02.2021,159.72,$156.35 ,160.24,154.68,93.54M,0.43%
24.02.2021,157.98,$158.34 ,158.56,156.27,60.23M,-1.09%
25.02.2021,152.86,$156.84 ,158.91,152.39,90.68M,-3.24%
26.02.2021,154.65,$154.76 ,156.12,151.84,85.52M,1.17%
01.03.2021,157.31,$156.39 ,157.48,154.9,54.68M,1.72%
02.03.2021,154.73,$157.17 ,158.18,154.36,51.92M,-1.64%
03.03.2021,150.25,$154.06 ,155.39,149.75,79.77M,-2.90%
04.03.2021,148.88,$150.60 ,152.91,147.27,109.63M,-0.91%
05.03.2021,150.02,$150.25 ,150.45,144.05,107.77M,0.77%
08.03.2021,147.6,$150.75 ,153.23,147.57,83.70M,-1.61%
09.03.2021,153.14,$150.90 ,154.55,150.26,80.60M,3.75%
10.03.2021,152.88,$154.92 ,155.82,151.5,60.25M,-0.17%
11.03.2021,155.68,$155.20 ,156.59,154.15,55.53M,1.83%
12.03.2021,154.47,$153.75 ,154.95,152.28,48.44M,-0.78%
15.03.2021,154.08,$153.73 ,154.11,151.6,58.37M,-0.25%
16.03.2021,154.59,$155.25 ,156.45,153.79,50.78M,0.33%
17.03.2021,156.79,$153.66 ,158.65,153.51,62.37M,1.42%
18.03.2021,151.4,$155.05 ,155.83,151.25,73.14M,-3.44%
19.03.2021,153.75,$151.46 ,153.86,150.83,92.51M,1.55%
22.03.2021,155.54,$153.39 ,156.33,153,58.04M,1.16%
23.03.2021,156.88,$156.35 ,159.1,156.04,76.35M,0.86%
24.03.2021,154.35,$157.55 ,158.02,154.26,59.18M,-1.61%
25.03.2021,152.31,$153.65 ,155.49,151.86,71.27M,-1.32%
26.03.2021,152.6,$152.20 ,152.83,149.8,66.26M,0.19%
29.03.2021,153.79,$152.77 ,154.56,151.42,54.92M,0.78%
30.03.2021,152.76,$153.50 ,153.65,151.7,46.75M,-0.67%
31.03.2021,154.7,$153.20 ,155.97,153.12,61.88M,1.27%
01.04.2021,158.05,$155.90 ,158.12,155.78,58.81M,2.17%
05.04.2021,161.34,$158.65 ,161.8,158.06,66.70M,2.08%
06.04.2021,161.19,$161.19 ,162.37,160.85,50.76M,-0.09%
07.04.2021,163.97,$161.69 ,165.18,161.18,66.92M,1.72%
08.04.2021,164.97,$165.54 ,166.22,164.6,56.24M,0.61%
09.04.2021,168.61,$165.24 ,168.61,164.44,86.83M,2.21%
12.04.2021,168.97,$167.76 ,169.75,167.56,65.64M,0.21%
13.04.2021,170,$170.04 ,171.6,169.78,66.32M,0.61%
14.04.2021,166.65,$170.20 ,170.21,166.3,62.90M,-1.97%
15.04.2021,168.95,$168.55 ,169.85,167.6,64.67M,1.38%
16.04.2021,169.97,$169.00 ,170.34,167.78,63.72M,0.60%
19.04.2021,168.6,$169.52 ,171.8,168.01,54.51M,-0.81%
20.04.2021,166.73,$168.68 ,169.15,165.8,52.46M,-1.11%
21.04.2021,168.1,$165.80 ,168.14,165.19,44.22M,0.82%
22.04.2021,165.45,$168.58 ,168.64,165.07,51.61M,-1.58%
23.04.2021,167.04,$165.96 ,168.75,165.43,63.93M,0.96%
26.04.2021,170.45,$167.40 ,171.42,166.55,97.61M,2.04%
27.04.2021,170.87,$172.17 ,173,169.9,76.54M,0.25%
28.04.2021,172.93,$171.74 ,174.49,171.25,92.64M,1.21%
29.04.2021,173.57,$175.25 ,175.72,171.75,153.65M,0.37%
30.04.2021,173.37,$176.26 ,177.7,173.12,140.19M,-0.12%
03.05.2021,169.32,$174.24 ,174.33,168.64,117.51M,-2.34%
04.05.2021,165.59,$167.81 ,168.4,163.61,108.79M,-2.20%
05.05.2021,163.53,$166.94 ,167.73,163.22,74.23M,-1.24%
06.05.2021,165.32,$163.50 ,165.72,162.36,88.95M,1.09%
07.05.2021,164.58,$165.95 ,166.54,164.45,94.21M,-0.45%
10.05.2021,159.52,$164.12 ,164.15,159.5,116.77M,-3.07%
11.05.2021,161.2,$156.81 ,161.9,156.37,92.40M,1.05%
12.05.2021,157.6,$159.25 ,160.4,156.66,98.73M,-2.23%
13.05.2021,158.07,$159.27 ,160.19,156.65,67.14M,0.30%
14.05.2021,161.15,$159.28 ,161.44,159.15,66.50M,1.95%
17.05.2021,163.52,$162.30 ,164.64,161.73,74.48M,1.47%
18.05.2021,161.61,$164.63 ,165.6,161.52,56.57M,-1.17%
19.05.2021,161.59,$159.75 ,161.74,159.2,53.59M,-0.01%
20.05.2021,162.38,$162.22 ,162.98,161.81,52.66M,0.49%
21.05.2021,160.15,$162.50 ,162.83,159.85,82.10M,-1.37%
24.05.2021,162.25,$160.78 ,162.9,160.52,48.46M,1.31%
25.05.2021,162.95,$163.33 ,163.99,160.69,65.22M,0.43%
26.05.2021,163.26,$163.73 ,164.79,162.93,47.68M,0.19%
27.05.2021,161.51,$162.80 ,163.02,161.5,51.22M,-1.07%
28.05.2021,161.15,$162.10 ,162.4,160.99,46.63M,-0.22%
01.06.2021,160.93,$162.17 ,162.55,160.45,48.60M,-0.14%
02.06.2021,161.7,$161.16 ,161.75,160.4,40.29M,0.48%
03.06.2021,159.35,$160.21 ,160.72,159.2,47.97M,-1.45%
04.06.2021,160.31,$160.60 ,161.05,159.94,44.99M,0.60%
07.06.2021,159.9,$159.87 ,160.4,158.61,44.32M,-0.26%
08.06.2021,163.21,$161.13 ,163.98,160.9,68.33M,2.07%
09.06.2021,164.06,$163.64 ,164.88,163.53,49.11M,0.52%
10.06.2021,167.48,$164.10 ,167.55,164.06,69.53M,2.08%
11.06.2021,167.34,$167.48 ,168.33,166.67,56.35M,-0.08%
14.06.2021,169.19,$167.34 ,169.25,166.78,51.39M,1.11%
15.06.2021,169.16,$169.20 ,169.85,168.16,48.52M,-0.02%
16.06.2021,170.76,$169.60 ,171.32,168.03,84.06M,0.95%
17.06.2021,174.46,$170.16 ,174.86,170.05,102.73M,2.17%
18.06.2021,174.34,$174.00 ,175.35,173.69,104.95M,-0.07%
21.06.2021,172.7,$173.82 ,174.1,171.7,65.54M,-0.94%
22.06.2021,175.27,$172.90 ,176.19,172.8,66.90M,1.49%
23.06.2021,175.19,$175.25 ,176.05,174.16,56.27M,-0.05%
24.06.2021,172.45,$175.38 ,176.24,171.54,76.64M,-1.56%
25.06.2021,170.07,$173.20 ,173.24,169.71,78.82M,-1.38%
28.06.2021,172.19,$170.80 ,172.4,170.68,44.86M,1.25%
29.06.2021,172.41,$171.94 ,172.8,171.15,41.97M,0.13%
30.06.2021,172.01,$172.05 ,173.58,171.75,48.08M,-0.23%
01.07.2021,171.65,$171.73 ,172.85,170.47,40.74M,-0.21%
02.07.2021,175.55,$172.58 ,175.59,171.85,63.53M,2.27%
06.07.2021,183.79,$176.51 ,184.27,176.45,134.90M,4.69%
07.07.2021,184.83,$185.87 ,186.71,183.95,106.56M,0.57%
08.07.2021,186.57,$182.18 ,188,181.06,103.61M,0.94%
09.07.2021,185.97,$186.13 ,187.4,184.67,74.96M,-0.32%
12.07.2021,185.93,$187.20 ,187.86,184.84,51.43M,-0.02%
13.07.2021,183.87,$185.10 ,188.65,183.57,76.92M,-1.11%
14.07.2021,184.08,$185.44 ,185.88,183.04,65.93M,0.11%
15.07.2021,181.56,$184.71 ,184.77,181.05,63.71M,-1.37%
16.07.2021,178.68,$181.67 ,182.3,178.52,80.87M,-1.59%
19.07.2021,177.48,$176.63 ,177.51,174.96,75.69M,-0.67%
20.07.2021,178.66,$178.37 ,179.6,175.9,65.11M,0.66%
21.07.2021,179.26,$178.82 ,179.32,177.18,46.38M,0.34%
22.07.2021,181.9,$179.36 ,182,179.11,65.31M,1.47%
23.07.2021,182.83,$182.00 ,183.31,181.1,48.73M,0.51%
26.07.2021,184.99,$183.66 ,185.6,182.36,58.00M,1.18%
27.07.2021,181.32,$184.93 ,184.93,179.31,82.64M,-1.98%
28.07.2021,181.52,$181.69 ,182.92,180.05,59.99M,0.11%
29.07.2021,180,$181.39 ,181.9,179,110.40M,-0.84%
30.07.2021,166.38,$167.40 ,168.41,165.35,199.31M,-7.57%
02.08.2021,166.57,$167.66 ,167.95,165.85,67.08M,0.11%
03.08.2021,168.31,$167.04 ,169.55,164.99,83.15M,1.04%
04.08.2021,167.74,$168.97 ,169.44,167.28,43.68M,-0.34%
05.08.2021,168.8,$167.81 ,169.45,167.05,48.67M,0.63%
06.08.2021,167.25,$168.75 ,168.75,166.45,52.75M,-0.92%
09.08.2021,167.09,$167.18 ,167.74,166.43,42.96M,-0.10%
10.08.2021,166.03,$167.25 ,167.9,165.75,48.25M,-0.63%
11.08.2021,164.61,$166.57 ,166.88,163.89,58.94M,-0.86%
12.08.2021,165.18,$164.50 ,165.73,163.48,46.48M,0.35%
13.08.2021,164.7,$165.28 ,165.3,164.15,41.13M,-0.29%
16.08.2021,164.95,$164.15 ,165,160.56,66.57M,0.15%
17.08.2021,162.1,$163.88 ,164.02,161.28,67.76M,-1.73%
18.08.2021,160.06,$162.10 ,162.7,160,56.09M,-1.26%
19.08.2021,159.39,$159.70 ,161.65,159.12,75.66M,-0.42%
20.08.2021,160,$160.19 ,160.39,158.79,67.17M,0.38%
23.08.2021,163.29,$160.59 ,164.04,160.5,65.36M,2.06%
24.08.2021,165.29,$164.00 ,165.77,163.73,51.04M,1.22%
25.08.2021,164.96,$165.49 ,166.05,164.31,33.61M,-0.20%
26.08.2021,165.8,$164.95 ,166.6,164.8,41.98M,0.51%
27.08.2021,167.48,$166.66 ,167.62,165.69,48.05M,1.01%
30.08.2021,171.08,$167.87 ,172.25,167.76,63.84M,2.15%
31.08.2021,173.54,$171.24 ,173.63,169.78,87.13M,1.44%
01.09.2021,173.95,$174.82 ,176.35,173.76,72.60M,0.24%
02.09.2021,173.16,$174.74 ,175.6,172.75,58.51M,-0.45%
03.09.2021,173.9,$172.60 ,174.13,171.82,51.57M,0.43%
07.09.2021,175.46,$173.90 ,176.4,173.85,54.82M,0.90%
08.09.2021,176.28,$175.58 ,177.28,174.78,61.07M,0.47%
09.09.2021,174.21,$176.30 ,177.5,174.02,54.38M,-1.17%
10.09.2021,173.46,$175.09 ,175.42,173.15,47.95M,-0.43%
13.09.2021,172.86,$174.14 ,174.9,171.9,51.38M,-0.35%
14.09.2021,172.5,$173.78 ,174.34,171.89,38.74M,-0.21%
15.09.2021,173.79,$172.13 ,174.27,170.1,59.15M,0.75%
16.09.2021,174.41,$173.00 ,174.63,172.31,51.67M,0.36%
17.09.2021,173.13,$174.42 ,174.87,172.61,92.33M,-0.73%
20.09.2021,167.79,$169.80 ,170.95,165.25,93.38M,-3.08%
21.09.2021,167.18,$168.75 ,168.99,166.62,55.62M,-0.36%
22.09.2021,169,$167.55 ,169.45,167.05,48.23M,1.09%
23.09.2021,170.8,$169.00 ,171.45,169,47.59M,1.07%
24.09.2021,171.28,$170.10 ,171.46,169.67,42.32M,0.28%
27.09.2021,170.29,$168.57 ,170.78,166.98,72.69M,-0.58%
28.09.2021,165.8,$167.89 ,168.46,164.51,88.62M,-2.64%
29.09.2021,165.06,$166.11 ,167.56,164.89,51.25M,-0.45%
30.09.2021,164.25,$165.80 ,166.39,163.7,56.94M,-0.49%
01.10.2021,164.16,$164.45 ,165.46,162.8,56.71M,-0.05%
04.10.2021,159.49,$163.97 ,164,158.81,90.46M,-2.84%
05.10.2021,161.05,$160.22 ,163.04,160.12,65.38M,0.98%
06.10.2021,163.1,$160.68 ,163.22,159.93,50.66M,1.27%
07.10.2021,165.12,$164.58 ,166.29,164.15,48.18M,1.24%
08.10.2021,164.43,$165.85 ,166.07,164.41,39.96M,-0.42%
11.10.2021,162.31,$163.75 ,164.63,161.91,40.68M,-1.29%
12.10.2021,162.37,$162.85 ,163.38,161.81,36.39M,0.04%
13.10.2021,164.21,$163.49 ,164.42,163.05,48.50M,1.13%
14.10.2021,164.99,$165.12 ,165.63,164.54,42.24M,0.48%
15.10.2021,170.45,$165.57 ,170.52,165.2,103.60M,3.31%
18.10.2021,172.34,$169.42 ,172.46,169.25,63.48M,1.11%
19.10.2021,172.21,$171.71 ,172.73,171.1,47.72M,-0.08%
20.10.2021,170.75,$172.63 ,173.14,170.02,42.80M,-0.85%
21.10.2021,171.75,$170.71 ,172.01,170.15,37.63M,0.59%
22.10.2021,166.78,$171.05 ,171.49,166.56,62.78M,-2.89%
25.10.2021,166.02,$166.75 ,167.39,164.88,44.52M,-0.46%
26.10.2021,168.8,$167.48 ,170.81,167.2,53.97M,1.67%
27.10.2021,169.62,$169.40 ,171.85,168.57,54.04M,0.49%
28.10.2021,172.33,$170.10 ,173.95,169.3,114.17M,1.60%
29.10.2021,168.62,$165.00 ,168.74,163.67,129.72M,-2.15%
01.11.2021,165.91,$168.09 ,168.79,164.6,72.18M,-1.61%
02.11.2021,165.64,$165.75 ,166.56,164.18,52.55M,-0.16%
03.11.2021,169.2,$165.45 ,169.75,164.88,67.94M,2.15%
04.11.2021,173.85,$168.50 ,174.93,168.25,107.06M,2.75%
05.11.2021,175.95,$173.85 ,178.31,173.85,99.94M,1.21%
08.11.2021,174.45,$176.16 ,178.95,174.39,61.48M,-0.85%
09.11.2021,178.81,$175.76 ,179.69,175.07,85.90M,2.50%
10.11.2021,174.1,$178.19 ,180.27,173.15,80.55M,-2.63%
11.11.2021,173.62,$175.65 ,177.16,173.37,45.29M,-0.28%
12.11.2021,176.26,$174.25 ,177.04,172.35,53.79M,1.52%
15.11.2021,177.28,$176.85 ,179.69,176.29,58.59M,0.58%
16.11.2021,177.03,$176.95 ,178.82,176.26,44.34M,-0.14%
17.11.2021,177.45,$178.24 ,179.36,177.27,51.21M,0.24%
18.11.2021,184.8,$178.32 ,185.21,178.05,114.07M,4.14%
19.11.2021,183.83,$185.63 ,188.11,183.79,98.92M,-0.52%
22.11.2021,178.63,$183.82 ,185.67,178.38,96.96M,-2.83%
23.11.2021,179,$179.25 ,181.05,176.39,73.84M,0.21%
24.11.2021,179.02,$178.13 ,180.68,176.84,46.56M,0.01%
26.11.2021,175.23,$180.10 ,181.68,175.21,59.83M,-2.12%
29.11.2021,178.08,$177.38 ,179.8,176.58,65.31M,1.63%
30.11.2021,175.35,$178.18 ,179.29,174.6,80.02M,-1.53%
01.12.2021,172.19,$177.25 ,177.99,172.08,75.14M,-1.80%
02.12.2021,171.87,$173.00 ,174.63,171.19,64.73M,-0.19%
03.12.2021,169.49,$172.75 ,173.49,166.93,80.71M,-1.38%
06.12.2021,171.37,$169.65 ,173.7,166.93,68.86M,1.11%
07.12.2021,176.16,$174.60 ,177.5,173.33,66.41M,2.80%
08.12.2021,176.16,$176.15 ,177.18,174.75,45.25M,0.00%
09.12.2021,174.17,$175.75 ,176.97,174.14,46.06M,-1.13%
10.12.2021,172.21,$175.42 ,175.93,170.5,60.69M,-1.13%
13.12.2021,169.57,$172.00 ,172.1,169.13,62.17M,-1.53%
14.12.2021,169.09,$167.55 ,169.5,166.44,55.98M,-0.28%
15.12.2021,173.31,$168.60 ,173.6,165.19,75.79M,2.50%
16.12.2021,168.87,$173.37 ,174.17,168.16,60.88M,-2.56%
17.12.2021,170.02,$167.71 ,170.9,165.61,85.76M,0.68%
20.12.2021,167.08,$166.85 ,167.87,165.6,57.37M,-1.73%
21.12.2021,170.42,$167.85 ,170.72,165.65,55.96M,2.00%
22.12.2021,171.04,$169.27 ,172.05,168.5,55.04M,0.36%
23.12.2021,171.07,$170.43 ,171.97,170.15,36.79M,0.02%
27.12.2021,169.67,$171.04 ,172.94,169.22,58.85M,-0.82%
28.12.2021,170.66,$170.18 ,172.18,169.14,54.71M,0.58%
29.12.2021,169.2,$170.84 ,171.21,168.6,35.75M,-0.86%
30.12.2021,168.64,$169.70 ,170.89,168.52,37.58M,-0.33%
31.12.2021,166.72,$168.96 ,169.35,166.56,47.83M,-1.14%
03.01.2022,170.4,$167.55 ,170.7,166.16,63.87M,2.21%
04.01.2022,167.52,$170.44 ,171.4,166.35,70.73M,-1.69%
05.01.2022,164.36,$166.88 ,167.13,164.36,64.30M,-1.89%
06.01.2022,163.25,$163.45 ,164.8,161.94,51.96M,-0.68%
07.01.2022,162.55,$163.84 ,165.24,162.03,46.61M,-0.43%
10.01.2022,161.49,$160.59 ,161.66,156.3,87.80M,-0.65%
11.01.2022,165.36,$161.50 ,166.35,160.7,62.81M,2.40%
12.01.2022,165.21,$166.57 ,166.88,164.42,50.03M,-0.09%
13.01.2022,161.21,$165.25 ,166.22,161.09,52.19M,-2.42%
14.01.2022,162.14,$160.15 ,162.25,159.8,45.97M,0.58%
18.01.2022,158.92,$159.10 ,159.73,157.66,67.44M,-1.99%
19.01.2022,156.3,$158.76 ,159.25,156.25,53.24M,-1.65%
20.01.2022,151.67,$156.77 ,158,151.35,71.97M,-2.96%
21.01.2022,142.64,$149.95 ,150.9,142.07,163.97M,-5.95%
24.01.2022,144.54,$139.00 ,144.94,135.35,156.04M,1.33%
25.01.2022,139.99,$142.24 ,143.6,138.15,90.82M,-3.15%
26.01.2022,138.87,$144.75 ,145.18,137.32,95.60M,-0.80%
27.01.2022,139.64,$140.80 ,144.24,139.35,77.52M,0.55%
28.01.2022,143.98,$140.86 ,144,137.93,74.39M,3.11%
31.01.2022,149.57,$144.75 ,150.36,144.3,78.31M,3.88%
01.02.2022,151.19,$150.00 ,151.71,147.63,59.22M,1.08%
02.02.2022,150.61,$155.05 ,155.07,148.86,87.33M,-0.38%
03.02.2022,138.85,$141.74 ,144.25,138.33,225.53M,-7.81%
04.02.2022,157.64,$155.61 ,161.2,150.61,253.46M,13.53%
07.02.2022,157.94,$158.52 ,162.69,157.25,102.62M,0.19%
08.02.2022,161.41,$156.75 ,161.79,155.55,76.04M,2.20%
09.02.2022,161.19,$162.87 ,163.83,160.25,68.79M,-0.14%
10.02.2022,159,$158.35 ,160.72,157.75,68.27M,-1.36%
11.02.2022,153.29,$158.13 ,159,152.73,77.10M,-3.59%
14.02.2022,155.17,$151.75 ,158.45,151.65,83.23M,1.23%
15.02.2022,156.51,$157.61 ,158.01,154.64,56.97M,0.86%
16.02.2022,158.1,$155.79 ,158.83,154.73,52.70M,1.02%
17.02.2022,154.65,$158.15 ,160.35,154.5,64.03M,-2.18%
18.02.2022,152.6,$155.50 ,155.5,150.89,63.60M,-1.33%
22.02.2022,150.2,$150.48 ,152.98,148.49,66.13M,-1.57%
23.02.2022,144.83,$151.65 ,151.76,144.65,64.24M,-3.58%
24.02.2022,151.36,$139.84 ,151.75,139.5,100.79M,4.51%
25.02.2022,153.79,$150.55 ,153.99,149.21,62.40M,1.61%
28.02.2022,153.56,$152.43 ,154.45,150.85,57.68M,-0.15%
01.03.2022,151.14,$152.73 ,154.1,149.98,44.87M,-1.58%
02.03.2022,152.05,$150.85 ,153,148.75,47.33M,0.60%
03.03.2022,147.9,$153.53 ,153.93,146.86,65.20M,-2.73%
04.03.2022,145.64,$147.16 ,147.85,143.81,60.98M,-1.53%
07.03.2022,137.45,$145.44 ,146.09,137.42,86.93M,-5.62%
08.03.2022,136.01,$136.68 ,140.7,133.57,91.66M,-1.05%
09.03.2022,139.28,$139.50 ,140.25,136.83,82.66M,2.40%
10.03.2022,146.82,$145.69 ,148.67,143.98,135.06M,5.41%
11.03.2022,145.52,$149.57 ,149.68,145.37,68.90M,-0.89%
14.03.2022,141.85,$145.98 ,147.45,140.88,74.09M,-2.52%
15.03.2022,147.37,$142.85 ,147.99,142,75.58M,3.89%
16.03.2022,153.1,$148.50 ,153.15,147.35,84.96M,3.89%
17.03.2022,157.24,$152.64 ,157.5,152.14,72.93M,2.70%
18.03.2022,161.25,$156.81 ,161.59,156.01,102.96M,2.55%
21.03.2022,161.49,$161.12 ,163.08,159.55,66.54M,0.15%
22.03.2022,164.89,$161.81 ,166.17,161.7,64.09M,2.11%
23.03.2022,163.41,$163.71 ,166.37,162.69,55.81M,-0.90%
24.03.2022,163.65,$163.75 ,164.12,160.05,56.80M,0.15%
25.03.2022,164.77,$164.00 ,165.37,162.25,49.09M,0.68%
28.03.2022,168.99,$164.97 ,169.04,164.9,59.85M,2.56%
29.03.2022,169.31,$170.38 ,170.83,167.87,66.15M,0.19%
30.03.2022,166.3,$168.51 ,168.95,165.5,56.17M,-1.78%
31.03.2022,163,$166.44 ,166.5,162.95,59.97M,-1.98%
01.04.2022,163.56,$164.15 ,165.83,162.32,57.09M,0.34%
04.04.2022,168.35,$164.12 ,168.39,163.21,50.01M,2.93%
05.04.2022,164.06,$167.74 ,168.11,163.27,53.73M,-2.55%
06.04.2022,158.76,$161.65 ,162.2,157.25,79.06M,-3.23%
07.04.2022,157.78,$158.40 ,160.08,154.51,68.14M,-0.62%
08.04.2022,154.46,$156.75 ,157.37,154.23,46.00M,-2.10%
11.04.2022,151.12,$152.71 ,154.14,150.53,52.11M,-2.16%
12.04.2022,150.79,$153.69 ,155.1,150.38,55.18M,-0.22%
13.04.2022,155.54,$150.02 ,156.03,149.6,53.39M,3.15%
14.04.2022,151.71,$155.39 ,155.9,151.47,51.60M,-2.46%
18.04.2022,152.78,$151.52 ,154.04,150.25,46.51M,0.71%
19.04.2022,158.12,$152.03 ,158.65,151.55,54.93M,3.50%
20.04.2022,154,$157.60 ,157.6,153.6,59.63M,-2.61%
21.04.2022,148.3,$154.71 ,156.74,147.59,63.97M,-3.70%
22.04.2022,144.35,$148.25 ,149.62,143.7,73.08M,-2.66%
25.04.2022,146.07,$144.02 ,146.22,142.31,61.87M,1.19%
26.04.2022,139.39,$144.80 ,144.86,138.93,77.53M,-4.57%
27.04.2022,138.17,$140.19 ,141.95,135.78,71.34M,-0.88%
28.04.2022,144.6,$142.18 ,145.94,140.3,117.32M,4.65%
29.04.2022,124.28,$129.85 ,130.76,121.62,272.66M,-14.05%
02.05.2022,124.5,$122.40 ,124.67,118.38,148.79M,0.18%
03.05.2022,124.25,$124.05 ,126.22,122.83,79.13M,-0.20%
04.05.2022,125.93,$123.60 ,126,119.18,110.75M,1.35%
05.05.2022,116.41,$123.00 ,123.5,115.07,144.39M,-7.56%
06.05.2022,114.77,$114.85 ,119.05,113.08,124.26M,-1.41%
09.05.2022,108.79,$111.31 ,114,107.96,128.12M,-5.21%
10.05.2022,108.86,$111.25 ,112.64,107.17,105.43M,0.06%
11.05.2022,105.37,$108.10 ,110.16,104.43,109.70M,-3.21%
12.05.2022,106.93,$102.75 ,110.78,102.41,132.03M,1.48%
13.05.2022,113.06,$109.07 ,113.18,107.8,93.68M,5.73%
16.05.2022,110.81,$113.10 ,113.99,110.35,74.57M,-1.99%
17.05.2022,115.37,$113.28 ,115.8,111.28,76.45M,4.12%
18.05.2022,107.11,$111.44 ,112.85,106.25,108.38M,-7.16%
19.05.2022,107.32,$106.28 ,110.03,106.19,88.14M,0.20%
20.05.2022,107.59,$109.57 ,109.9,105.01,99.50M,0.25%
23.05.2022,107.56,$108.46 ,108.82,103.95,107.80M,-0.03%
24.05.2022,104.1,$104.03 ,105.4,101.26,102.93M,-3.22%
25.05.2022,106.78,$103.66 ,108.17,103.65,93.12M,2.57%
26.05.2022,111.08,$107.97 ,112.67,107.45,93.00M,4.03%
27.05.2022,115.15,$113.55 ,115.19,112.63,93.66M,3.66%
31.05.2022,120.21,$116.28 ,121.99,115.67,144.63M,4.39%
01.06.2022,121.68,$122.26 ,125.18,120.62,127.53M,1.22%
02.06.2022,125.51,$121.68 ,125.61,120.05,100.56M,3.15%
03.06.2022,122.35,$124.20 ,124.4,121.05,97.60M,-2.52%
06.06.2022,124.79,$125.25 ,128.99,123.81,135.27M,1.99%
07.06.2022,123,$122.00 ,124.1,120.63,85.16M,-1.43%
08.06.2022,121.18,$122.61 ,123.75,120.75,64.93M,-1.48%
09.06.2022,116.15,$119.99 ,121.3,116.1,67.03M,-4.15%
10.06.2022,109.65,$113.42 ,114.5,109.05,87.41M,-5.60%
13.06.2022,103.67,$104.19 ,106.54,101.86,99.28M,-5.45%
14.06.2022,102.31,$104.19 ,104.88,101.43,69.73M,-1.31%
15.06.2022,107.67,$103.86 ,109.06,103.53,85.01M,5.24%
16.06.2022,103.66,$104.47 ,104.58,102.01,82.19M,-3.72%
17.06.2022,106.22,$102.80 ,106.98,102.51,99.77M,2.47%
21.06.2022,108.68,$108.20 ,111.63,103.56,70.90M,2.32%
22.06.2022,108.95,$107.43 ,112.13,107.02,60.04M,0.25%
23.06.2022,112.44,$110.39 ,113,107.93,64.35M,3.20%
24.06.2022,116.46,$112.38 ,116.71,111.43,69.87M,3.58%
27.06.2022,113.22,$117.09 ,117.98,112.7,62.13M,-2.78%
28.06.2022,107.4,$113.50 ,114.85,107.04,75.17M,-5.14%
29.06.2022,108.92,$107.38 ,110.99,106.91,66.38M,1.42%
30.06.2022,106.21,$108.11 ,108.18,102.52,97.68M,-2.49%
01.07.2022,109.56,$106.29 ,109.75,105.85,73.02M,3.15%
05.07.2022,113.5,$107.60 ,114.08,106.32,76.68M,3.60%
06.07.2022,114.33,$113.21 ,115.48,112.01,66.96M,0.73%
07.07.2022,116.33,$113.85 ,116.99,113.49,57.87M,1.75%
08.07.2022,115.54,$114.60 ,116.58,113.69,45.72M,-0.68%
11.07.2022,111.75,$114.08 ,114.3,110.87,53.54M,-3.28%
12.07.2022,109.22,$112.16 ,113.23,108.34,54.28M,-2.26%
13.07.2022,110.4,$107.03 ,111.78,106.01,61.35M,1.08%
14.07.2022,110.63,$110.24 ,111.18,107.58,51.16M,0.21%
15.07.2022,113.55,$112.50 ,115.59,111.59,84.32M,2.64%
18.07.2022,113.76,$115.00 ,117.24,113.15,59.12M,0.18%
19.07.2022,118.21,$115.70 ,118.95,114.03,60.99M,3.91%
20.07.2022,122.77,$118.61 ,123.47,118.32,71.27M,3.86%
21.07.2022,124.63,$123.20 ,124.85,121.26,60.24M,1.52%
22.07.2022,122.42,$125.01 ,125.5,121.35,51.46M,-1.77%
25.07.2022,121.14,$122.69 ,123.64,120.03,50.22M,-1.05%
26.07.2022,114.81,$115.79 ,118.15,114.53,67.08M,-5.23%
27.07.2022,120.97,$117.31 ,121.9,117.16,61.58M,5.37%
28.07.2022,122.28,$121.57 ,122.84,118.08,82.25M,1.08%
29.07.2022,134.95,$134.90 ,137.65,132.41,148.89M,10.36%
01.08.2022,135.39,$134.96 ,138.83,133.51,76.85M,0.33%
02.08.2022,134.16,$134.72 ,137.44,134.09,61.92M,-0.91%
03.08.2022,139.52,$136.21 ,140.49,136.05,71.83M,4.00%
04.08.2022,142.57,$140.58 ,143.56,139.55,70.59M,2.19%
05.08.2022,140.8,$140.10 ,142.86,139.6,50.69M,-1.24%
08.08.2022,139.41,$142.05 ,144.23,138.29,52.30M,-0.99%
09.08.2022,137.83,$138.05 ,138.95,136.21,40.43M,-1.13%
10.08.2022,142.69,$142.90 ,144.6,141.01,54.77M,3.53%
11.08.2022,140.64,$143.86 ,144.49,139.76,44.87M,-1.44%
12.08.2022,143.55,$142.05 ,143.57,140.12,47.64M,2.07%
15.08.2022,143.18,$142.80 ,143.76,141.49,39.01M,-0.26%
16.08.2022,144.78,$143.91 ,146.57,142,59.10M,1.12%
17.08.2022,142.1,$142.69 ,143.38,140.78,48.15M,-1.85%
18.08.2022,142.3,$141.32 ,142.77,140.38,37.46M,0.14%
19.08.2022,138.23,$140.47 ,141.11,137.91,47.79M,-2.86%
22.08.2022,133.22,$135.72 ,136.32,132.85,50.46M,-3.62%
23.08.2022,133.62,$133.41 ,134.99,132.95,36.25M,0.30%
24.08.2022,133.8,$132.75 ,135.47,132.1,38.63M,0.13%
25.08.2022,137.28,$135.26 ,137.42,134.28,37.50M,2.60%
26.08.2022,130.75,$136.55 ,137.83,130.5,53.32M,-4.76%
29.08.2022,129.79,$129.90 ,131.95,128.77,48.10M,-0.73%
30.08.2022,128.73,$131.25 ,132.07,126.85,49.20M,-0.82%
31.08.2022,126.77,$129.45 ,130.59,126.74,53.65M,-1.52%
01.09.2022,127.82,$126.00 ,128.02,123.66,56.64M,0.83%
02.09.2022,127.51,$129.50 ,131.38,126.39,57.43M,-0.24%
06.09.2022,126.11,$127.92 ,128.62,124.74,43.89M,-1.10%
07.09.2022,129.48,$126.12 ,129.82,125.4,47.83M,2.67%
08.09.2022,129.82,$127.72 ,130.28,127.1,43.99M,0.26%
09.09.2022,133.27,$130.91 ,133.69,130.76,49.42M,2.66%
12.09.2022,136.45,$134.09 ,136.49,134,53.83M,2.39%
13.09.2022,126.82,$131.01 ,131.4,126.27,72.69M,-7.06%
14.09.2022,128.55,$127.36 ,128.84,126.33,45.32M,1.36%
15.09.2022,126.28,$127.38 ,130.37,125.5,52.89M,-1.77%
16.09.2022,123.53,$122.78 ,123.87,120.7,115.67M,-2.18%
19.09.2022,124.66,$122.16 ,124.71,121.8,47.28M,0.91%
20.09.2022,122.19,$123.35 ,124.4,121.14,47.70M,-1.98%
21.09.2022,118.54,$122.49 ,123.76,118.45,58.50M,-2.99%
22.09.2022,117.31,$117.08 ,118.79,116.26,55.23M,-1.04%
23.09.2022,113.78,$116.00 ,116.05,112.06,65.13M,-3.01%
26.09.2022,115.15,$113.30 ,117.34,113.13,62.72M,1.20%
27.09.2022,114.41,$117.19 ,118.32,113.05,60.09M,-0.64%
28.09.2022,118.01,$114.38 ,118.7,113.8,55.76M,3.15%
29.09.2022,114.8,$115.60 ,116.07,113.06,58.97M,-2.72%
30.09.2022,113,$114.08 ,116.92,112.84,59.48M,-1.57%
03.10.2022,115.88,$113.58 ,116.91,112.45,50.94M,2.55%
04.10.2022,121.09,$119.89 ,123,119.79,62.81M,4.50%
05.10.2022,120.95,$118.58 ,121.75,117.69,48.22M,-0.12%
06.10.2022,120.3,$120.77 ,121.53,119.5,42.25M,-0.54%
07.10.2022,114.56,$118.00 ,118.17,113.88,54.68M,-4.77%
10.10.2022,113.67,$115.10 ,116.25,112.43,42.34M,-0.78%
11.10.2022,112.21,$112.71 ,115.48,110.39,56.43M,-1.28%
12.10.2022,112.9,$112.49 ,113.83,111.4,45.73M,0.61%
13.10.2022,112.53,$107.88 ,113.44,105.34,86.87M,-0.33%
14.10.2022,106.9,$114.10 ,114.96,106.6,67.74M,-5.00%
17.10.2022,113.79,$110.11 ,114.19,110.09,62.78M,6.45%
18.10.2022,116.36,$119.06 ,119.52,114.79,65.61M,2.26%
19.10.2022,115.07,$114.71 ,116.59,113.22,47.20M,-1.11%
20.10.2022,115.25,$113.83 ,118.24,113.51,48.80M,0.16%
21.10.2022,119.32,$114.79 ,119.59,114.5,55.66M,3.53%
24.10.2022,119.82,$119.98 ,120.39,116.57,49.53M,0.42%
25.10.2022,120.6,$119.65 ,121.32,118.95,50.93M,0.65%
26.10.2022,115.66,$116.00 ,119.35,114.76,69.00M,-4.10%
27.10.2022,110.96,$113.92 ,114.12,109.77,129.61M,-4.06%
28.10.2022,103.41,$97.91 ,103.96,97.66,223.13M,-6.80%
31.10.2022,102.44,$103.56 ,104.87,100.74,99.25M,-0.94%
01.11.2022,96.79,$103.99 ,104.58,96.06,153.37M,-5.52%
02.11.2022,92.12,$97.31 ,97.74,92.01,135.76M,-4.82%
03.11.2022,89.3,$92.47 ,93.5,89.02,136.68M,-3.06%
04.11.2022,90.98,$91.49 ,92.44,88.04,129.10M,1.88%
07.11.2022,90.53,$91.95 ,92.1,89.04,77.50M,-0.49%
08.11.2022,89.98,$90.79 ,91.72,88.23,88.70M,-0.61%
09.11.2022,86.14,$89.47 ,89.48,85.87,90.80M,-4.27%
10.11.2022,96.63,$92.94 ,98.69,91.65,173.41M,12.18%
11.11.2022,100.79,$97.88 ,101.19,96.66,111.59M,4.31%
14.11.2022,98.49,$98.77 ,100.12,97.29,99.53M,-2.28%
15.11.2022,98.94,$103.21 ,103.79,97.34,111.34M,0.46%
16.11.2022,97.12,$96.85 ,98.49,95.54,87.96M,-1.84%
17.11.2022,94.85,$95.37 ,96.97,94.03,82.62M,-2.34%
18.11.2022,94.14,$95.95 ,95.99,92.48,72.43M,-0.75%
21.11.2022,92.46,$93.97 ,95.02,90.59,84.33M,-1.78%
22.11.2022,93.2,$92.62 ,93.35,90.87,62.19M,0.80%
23.11.2022,94.13,$93.24 ,94.58,92.83,59.41M,1.00%
25.11.2022,93.41,$93.79 ,94.43,93.06,35.09M,-0.76%
28.11.2022,93.95,$93.93 ,96.4,93.43,75.06M,0.58%
29.11.2022,92.42,$94.04 ,94.41,91.44,65.57M,-1.63%
30.11.2022,96.54,$92.47 ,96.54,91.53,102.81M,4.46%
01.12.2022,95.5,$96.99 ,97.23,94.92,68.49M,-1.08%
02.12.2022,94.13,$94.47 ,95.36,93.78,72.50M,-1.43%
05.12.2022,91.01,$93.05 ,94.06,90.82,71.54M,-3.31%
06.12.2022,88.25,$90.50 ,91.04,87.9,75.50M,-3.03%
07.12.2022,88.46,$88.34 ,89.89,87.48,68.09M,0.24%
08.12.2022,90.35,$89.24 ,90.86,87.88,73.31M,2.14%
09.12.2022,89.09,$88.90 ,90.3,88.63,67.40M,-1.39%
12.12.2022,90.55,$89.21 ,90.58,87.87,62.00M,1.64%
13.12.2022,92.49,$95.23 ,96.25,90.52,100.21M,2.14%
14.12.2022,91.58,$92.50 ,93.46,89.87,70.30M,-0.98%
15.12.2022,88.45,$89.89 ,89.97,87.47,84.80M,-3.42%
16.12.2022,87.86,$88.27 ,89.35,86.73,146.14M,-0.67%
19.12.2022,84.92,$87.51 ,87.63,84.51,83.53M,-3.35%
20.12.2022,85.19,$85.33 ,86.61,84.33,74.35M,0.32%
21.12.2022,86.77,$86.17 ,87.22,85.21,59.27M,1.85%
22.12.2022,83.79,$85.52 ,85.68,82.25,81.43M,-3.43%
23.12.2022,85.25,$83.25 ,85.78,82.93,57.43M,1.74%
27.12.2022,83.04,$84.97 ,85.35,83,57.28M,-2.59%
28.12.2022,81.82,$82.80 ,83.48,81.69,58.23M,-1.47%
29.12.2022,84.18,$82.87 ,84.55,82.55,55.00M,2.88%
30.12.2022,84,$83.12 ,84.05,82.47,62.40M,-0.21%
03.01.2023,85.82,$85.46 ,86.96,84.2,76.71M,2.17%
04.01.2023,85.14,$86.55 ,86.98,83.36,68.89M,-0.79%
05.01.2023,83.12,$85.33 ,85.42,83.07,67.93M,-2.37%
06.01.2023,86.08,$83.03 ,86.4,81.43,83.30M,3.56%
09.01.2023,87.36,$87.46 ,89.48,87.08,65.27M,1.49%
10.01.2023,89.87,$87.57 ,90.19,87.29,67.76M,2.87%
11.01.2023,95.09,$90.93 ,95.26,90.93,103.13M,5.81%
12.01.2023,95.27,$96.93 ,97.19,93.5,85.25M,0.19%
13.01.2023,98.12,$94.18 ,98.37,94.12,85.55M,2.99%
17.01.2023,96.05,$98.68 ,98.89,95.73,72.76M,-2.11%
18.01.2023,95.46,$97.25 ,99.32,95.38,79.57M,-0.61%
19.01.2023,93.68,$94.74 ,95.44,92.86,69.00M,-1.86%
20.01.2023,97.25,$93.86 ,97.35,93.2,67.48M,3.81%
23.01.2023,97.52,$97.56 ,97.78,95.86,76.50M,0.28%
24.01.2023,96.32,$96.93 ,98.09,96,66.93M,-1.23%
25.01.2023,97.18,$92.56 ,97.24,91.52,94.26M,0.89%
26.01.2023,99.22,$98.23 ,99.49,96.92,68.52M,2.10%
27.01.2023,102.24,$99.53 ,103.48,99.53,87.78M,3.04%
30.01.2023,100.55,$101.09 ,101.74,99.01,68.38M,-1.65%
31.01.2023,103.13,$101.15 ,103.35,101.14,66.53M,2.57%
01.02.2023,105.15,$102.53 ,106.24,101.24,76.15M,1.96%
02.02.2023,112.91,$110.25 ,114,108.88,147.04M,7.38%
03.02.2023,103.39,$105.26 ,108.78,102.52,144.38M,-8.43%
06.02.2023,102.18,$102.93 ,103.95,100.65,80.86M,-1.17%
07.02.2023,102.11,$101.17 ,102.41,98.08,115.90M,-0.07%
08.02.2023,100.05,$102.04 ,102.67,98.78,75.28M,-2.02%
09.02.2023,98.24,$101.32 ,101.78,97.57,63.78M,-1.81%
10.02.2023,97.61,$97.56 ,98.82,96.23,52.74M,-0.64%
13.02.2023,99.54,$97.85 ,99.68,96.91,52.66M,1.98%
14.02.2023,99.7,$98.41 ,100.92,97.52,56.20M,0.16%
15.02.2023,101.16,$99.09 ,101.17,98.45,47.44M,1.46%
16.02.2023,98.15,$99.21 ,100.63,98.1,54.40M,-2.98%
17.02.2023,97.2,$97.80 ,97.94,95.65,60.03M,-0.97%
21.02.2023,94.58,$95.33 ,95.61,94.27,56.58M,-2.70%
22.02.2023,95.79,$95.10 ,97.01,94.8,59.53M,1.28%
23.02.2023,95.82,$96.12 ,96.43,93.67,48.47M,0.03%
24.02.2023,93.5,$93.53 ,94.14,92.32,57.05M,-2.42%
27.02.2023,93.76,$94.28 ,94.78,93.14,47.47M,0.28%
28.02.2023,94.23,$93.14 ,94.69,92.92,43.96M,0.50%
01.03.2023,92.17,$93.87 ,94.68,91.59,51.91M,-2.19%
02.03.2023,92.13,$91.41 ,92.23,90.39,54.13M,-0.04%
03.03.2023,94.9,$92.74 ,94.94,92.66,54.85M,3.01%
06.03.2023,93.75,$95.19 ,96.54,93.74,52.11M,-1.21%
07.03.2023,93.55,$94.06 ,95.09,92.78,49.10M,-0.21%
08.03.2023,93.92,$93.60 ,94.17,92.18,44.90M,0.40%
09.03.2023,92.25,$93.68 ,96.21,92.18,55.59M,-1.78%
10.03.2023,90.73,$92.67 ,93.57,90.25,69.83M,-1.65%
13.03.2023,92.43,$89.97 ,94.02,88.12,72.40M,1.87%
14.03.2023,94.88,$93.83 ,95.07,92.71,60.43M,2.65%
15.03.2023,94.19,$93.28 ,94.72,93.08,18.98M,-0.73%
